Key,1,
$Toby yell,Dogs barking in reverse.mp4,
$Toby speak,fck.mp3,1
$Toby sing,jojo.mp3,10
$Toby choo choo,choo.mp3,10
$Toby break it down,beatbox.mp3,19
$Toby butter,butterdog.mp3,6
$Toby growl,scream.mp3,6
$Toby piao piao,piao.mp3,
$Toby bonk,klonk.mp3,
$Toby be british,the-ting-go.mp3,
$Toby what you doing,yt1s_wU4BGgD.mp3,
$Toby dog water,final_601b29f38f209800d33f61f5_812970-online-audio-converter.mp3,
$Toby who?,Don't you feel silly Don't you feel stupid Don't you feel a little ashamed (as seen on twitte.mp3,